{
    "accuracy": [
        0.7424747347831726,
        0.8265398740768433,
        0.8502816557884216,
        0.8615468740463257,
        0.8758403658866882,
        0.874629020690918,
        0.8844406604766846,
        0.897946834564209,
        0.9050935506820679,
        0.9060020446777344,
        0.7438676953315735,
        0.8184846639633179,
        0.8409545421600342,
        0.8544606566429138,
        0.8679062724113464,
        0.882502555847168,
        0.8859547972679138,
        0.8902549743652344,
        0.9006722569465637,
        0.9051541686058044,
        0.9081824421882629,
        0.9123614430427551,
        0.9106656312942505,
        0.9196293354034424,
        0.9201744198799133
    ],
    "val_accuracy": [
        0.848558247089386,
        0.8555851578712463,
        0.8623697757720947,
        0.878119707107544,
        0.8931427001953125,
        0.9028350114822388,
        0.8982311487197876,
        0.9067118763923645,
        0.9115580320358276,
        0.9055003523826599,
        0.875454306602478,
        0.8921734690666199,
        0.9125272631645203,
        0.9202810525894165,
        0.9290041327476501,
        0.937727153301239,
        0.9411194324493408,
        0.9440271258354187,
        0.9483886361122131,
        0.9498425126075745,
        0.9525078535079956,
        0.9546886086463928,
        0.9571117162704468,
        0.9585655331611633,
        0.9619578123092651
    ],
    "loss": [
        0.8086410164833069,
        0.5166745781898499,
        0.44613903760910034,
        0.40308600664138794,
        0.3680071234703064,
        0.3613438010215759,
        0.3331800401210785,
        0.30202338099479675,
        0.281862735748291,
        0.2709592878818512,
        0.7855091094970703,
        0.5402536392211914,
        0.467809796333313,
        0.42500555515289307,
        0.38302096724510193,
        0.3483090102672577,
        0.3341076970100403,
        0.32388031482696533,
        0.2944987714290619,
        0.2835315465927124,
        0.2707073390483856,
        0.2553320825099945,
        0.25728800892829895,
        0.2354828268289566,
        0.2357638031244278
    ],
    "val_loss": [
        0.4522779583930969,
        0.4086884558200836,
        0.4017740488052368,
        0.33942925930023193,
        0.29333892464637756,
        0.2958870232105255,
        0.2978321313858032,
        0.27370190620422363,
        0.26385200023651123,
        0.2733079195022583,
        0.363908976316452,
        0.29942786693573,
        0.2592664659023285,
        0.23637525737285614,
        0.2064577341079712,
        0.18887382745742798,
        0.17737720906734467,
        0.16638505458831787,
        0.1502712368965149,
        0.1480446755886078,
        0.1400957852602005,
        0.13049694895744324,
        0.12157607823610306,
        0.1165086179971695,
        0.10979432612657547
    ]
}