{"accuracy": [0.7091636061668396, 0.8299315571784973, 0.8524014353752136, 0.862273633480072, 0.864090621471405, 0.8714190721511841, 0.8726909160614014, 0.8772939443588257, 0.879837691783905, 0.8808673024177551, 0.8834110498428345, 0.8808067440986633], "loss": [0.9261360168457031, 0.5209692120552063, 0.44695818424224854, 0.4174359440803528, 0.39966481924057007, 0.3828648626804352, 0.3718617260456085, 0.3610166609287262, 0.3591897487640381, 0.3572138547897339, 0.347217321395874, 0.35167691111564636], "val_accuracy": [0.8352314233779907, 0.8538890480995178, 0.8679428100585938, 0.8851466178894043, 0.8819966316223145, 0.8870850205421448, 0.8873273730278015, 0.8882966041564941, 0.8953234553337097, 0.8863581418991089, 0.8931427001953125, 0.8885388970375061], "val_loss": [0.5309371948242188, 0.45663923025131226, 0.40268221497535706, 0.3560720384120941, 0.35842403769493103, 0.3434793949127197, 0.3364420533180237, 0.33947739005088806, 0.3152190148830414, 0.3412330746650696, 0.3259005546569824, 0.32935571670532227]}